aG9yaXpvbl80MC5iaW4=,1073741824,56e4f33a31fd3e9f7a7edb43b3710dd9171f367237d121436c8702e16f981b65
aG9yaXpvbl8wMS5iaW4=,1073741824,56e4f33a31fd3e9f7a7edb43b3710dd9171f367237d121436c8702e16f981b65
aG9yaXpvbl8wMi5iaW4=,1073741824,56e4f33a31fd3e9f7a7edb43b3710dd9171f367237d121436c8702e16f981b65
aG9yaXpvbl8wMy5iaW4=,1073741824,56e4f33a31fd3e9f7a7edb43b3710dd9171f367237d121436c8702e16f981b65
aG9yaXpvbl8wNC5iaW4=,1073741824,56e4f33a31fd3e9f7a7edb43b3710dd9171f367237d121436c8702e16f981b65
aG9yaXpvbl8wNS5iaW4=,1073741824,56e4f33a31fd3e9f7a7edb43b3710dd9171f367237d121436c8702e16f981b65
aG9yaXpvbl8wNi5iaW4=,1073741824,56e4f33a31fd3e9f7a7edb43b3710dd9171f367237d121436c8702e16f981b65
aG9yaXpvbl8wNy5iaW4=,1073741824,56e4f33a31fd3e9f7a7edb43b3710dd9171f367237d121436c8702e16f981b65
aG9yaXpvbl8wOC5iaW4=,1073741824,56e4f33a31fd3e9f7a7edb43b3710dd9171f367237d121436c8702e16f981b65
aG9yaXpvbl8wOS5iaW4=,1073741824,56e4f33a31fd3e9f7a7edb43b3710dd9171f367237d121436c8702e16f981b65
aG9yaXpvbl8xMC5iaW4=,1073741824,56e4f33a31fd3e9f7a7edb43b3710dd9171f367237d121436c8702e16f981b65
aG9yaXpvbl8xMS5iaW4=,1073741824,56e4f33a31fd3e9f7a7edb43b3710dd9171f367237d121436c8702e16f981b65
aG9yaXpvbl8xMi5iaW4=,1073741824,56e4f33a31fd3e9f7a7edb43b3710dd9171f367237d121436c8702e16f981b65
aG9yaXpvbl8xMy5iaW4=,1073741824,56e4f33a31fd3e9f7a7edb43b3710dd9171f367237d121436c8702e16f981b65
aG9yaXpvbl8xNC5iaW4=,1073741824,56e4f33a31fd3e9f7a7edb43b3710dd9171f367237d121436c8702e16f981b65
aG9yaXpvbl8xNS5iaW4=,1073741824,56e4f33a31fd3e9f7a7edb43b3710dd9171f367237d121436c8702e16f981b65
aG9yaXpvbl8xNi5iaW4=,1073741824,56e4f33a31fd3e9f7a7edb43b3710dd9171f367237d121436c8702e16f981b65
aG9yaXpvbl8xNy5iaW4=,1073741824,56e4f33a31fd3e9f7a7edb43b3710dd9171f367237d121436c8702e16f981b65
aG9yaXpvbl8xOC5iaW4=,1073741824,56e4f33a31fd3e9f7a7edb43b3710dd9171f367237d121436c8702e16f981b65
aG9yaXpvbl8xOS5iaW4=,1073741824,56e4f33a31fd3e9f7a7edb43b3710dd9171f367237d121436c8702e16f981b65
aG9yaXpvbl8yMC5iaW4=,1073741824,56e4f33a31fd3e9f7a7edb43b3710dd9171f367237d121436c8702e16f981b65
aG9yaXpvbl8yMS5iaW4=,1073741824,56e4f33a31fd3e9f7a7edb43b3710dd9171f367237d121436c8702e16f981b65
aG9yaXpvbl8yMi5iaW4=,1073741824,56e4f33a31fd3e9f7a7edb43b3710dd9171f367237d121436c8702e16f981b65
aG9yaXpvbl8yMy5iaW4=,1073741824,56e4f33a31fd3e9f7a7edb43b3710dd9171f367237d121436c8702e16f981b65
aG9yaXpvbl8yNC5iaW4=,1073741824,56e4f33a31fd3e9f7a7edb43b3710dd9171f367237d121436c8702e16f981b65
aG9yaXpvbl8yNS5iaW4=,1073741824,56e4f33a31fd3e9f7a7edb43b3710dd9171f367237d121436c8702e16f981b65
aG9yaXpvbl8yNi5iaW4=,1073741824,56e4f33a31fd3e9f7a7edb43b3710dd9171f367237d121436c8702e16f981b65
aG9yaXpvbl8yNy5iaW4=,1073741824,56e4f33a31fd3e9f7a7edb43b3710dd9171f367237d121436c8702e16f981b65
aG9yaXpvbl8yOC5iaW4=,1073741824,56e4f33a31fd3e9f7a7edb43b3710dd9171f367237d121436c8702e16f981b65
aG9yaXpvbl8yOS5iaW4=,1073741824,56e4f33a31fd3e9f7a7edb43b3710dd9171f367237d121436c8702e16f981b65
aG9yaXpvbl8zMC5iaW4=,1073741824,56e4f33a31fd3e9f7a7edb43b3710dd9171f367237d121436c8702e16f981b65
aG9yaXpvbl8zMS5iaW4=,1073741824,56e4f33a31fd3e9f7a7edb43b3710dd9171f367237d121436c8702e16f981b65
aG9yaXpvbl8zMi5iaW4=,1073741824,56e4f33a31fd3e9f7a7edb43b3710dd9171f367237d121436c8702e16f981b65
aG9yaXpvbl8zMy5iaW4=,1073741824,56e4f33a31fd3e9f7a7edb43b3710dd9171f367237d121436c8702e16f981b65
aG9yaXpvbl8zNC5iaW4=,1073741824,56e4f33a31fd3e9f7a7edb43b3710dd9171f367237d121436c8702e16f981b65
aG9yaXpvbl8zNS5iaW4=,1073741824,56e4f33a31fd3e9f7a7edb43b3710dd9171f367237d121436c8702e16f981b65
aG9yaXpvbl8zNi5iaW4=,1073741824,56e4f33a31fd3e9f7a7edb43b3710dd9171f367237d121436c8702e16f981b65
aG9yaXpvbl8zNy5iaW4=,1073741824,56e4f33a31fd3e9f7a7edb43b3710dd9171f367237d121436c8702e16f981b65
aG9yaXpvbl8zOC5iaW4=,1073741824,56e4f33a31fd3e9f7a7edb43b3710dd9171f367237d121436c8702e16f981b65
aG9yaXpvbl8zOS5iaW4=,1073741824,56e4f33a31fd3e9f7a7edb43b3710dd9171f367237d121436c8702e16f981b65
